evaluation/task1_horizontal_success,evaluation/task2_vertical1_success,evaluation/task3_vertical2_success,evaluation/task4_diagonal1_success,evaluation/task5_diagonal2_success,evaluation/overall_success,step
0.0,0.0,0.0,0.0,0.0,0.0,1
0.4,0.64,0.42,0.42,0.46,0.46799999999999997,100000
0.28,0.22,0.36,0.36,0.38,0.32,200000
0.42,0.1,0.24,0.16,0.24,0.23200000000000004,300000
0.36,0.1,0.22,0.2,0.22,0.21999999999999997,400000
0.24,0.16,0.2,0.18,0.18,0.192,500000
0.26,0.26,0.22,0.22,0.18,0.22799999999999998,600000
0.22,0.22,0.26,0.12,0.14,0.192,700000
